DROP TABLE CUSTOMER_TABLE;
DROP TABLE ACTIVITY_BOOKING;
DROP TABLE PACKAGE;
DROP TABLE FLIGHT_PACKAGE;



DROP TABLE FLIGHTS;
CREATE TABLE "FLIGHTS"
   ("FLIGHT_NUM" VARCHAR2(7),
    "PLANE_TYPE" VARCHAR2(20),
    "AIRLINE" VARCHAR2(35),
    "FLIGHT_START" TIMESTAMP (0) ,
    "FLIGHT_END" TIMESTAMP (0),
    "F_ORIGIN" VARCHAR2(5),
    "F_DESINATION" VARCHAR2(5),
     CONSTRAINT "F_NUM_PK" PRIMARY KEY ("FLIGHT_NUM") 
   );

DROP TABLE TRANSPORTATION;
CREATE TABLE TRANSPORTATION
(TRANSPORT_ID NUMBER(5,0),
 TRANS_TYPE VARCHAR(15),
 TRANS_START TIMESTAMP(0),
 TRANS_END TIMESTAMP(0),
 CONSTRAINT "TR_ID_PK" PRIMARY KEY ("TRANSPORT_ID") 
);

DROP TABLE HOTEL;
CREATE TABLE HOTEL
(HOTEL_ID NUMBER (6,0),
 HOTEL_NAME VARCHAR (40),
 HOTEL_TYPE VARCHAR (30),
 HOTEL_STREET VARCHAR (30),
 HOTEL_STATE_PROV VARCHAR (40),
 HOTEL_COUNTRY VARCHAR (30),
 CONSTRAINT "HOT_ID_PK" PRIMARY KEY ("HOTEL_ID") 
);


DROP TABLE RESTAURANT;
CREATE TABLE RESTAURANT
(REST_ID NUMBER (5,0),
 REST_NAME VARCHAR (30),
 REST_STREET VARCHAR (45),
 REST_STATE_PROV VARCHAR (20),
 REST_COUNTRY VARCHAR (30),
 CONSTRAINT "REST_ID_PK" PRIMARY KEY ("REST_ID") 
);




DROP TABLE ACTIVITY;
CREATE TABLE ACTIVITY
(ACT_ID NUMBER(4,0),
 ACT_NAME VARCHAR(100),
 ACT_TYPE VARCHAR(20),
 ACT_START TIMESTAMP(0),
 ACT_END TIMESTAMP (0),
 ACT_COST_PER_PERSON NUMBER (7,2),
 CONSTRAINT "ACT_ID_PK" PRIMARY KEY ("ACT_ID") 
);



CREATE TABLE FLIGHT_PACKAGE
(F_PACKAGE_ID NUMBER (4,0),
 FLIGHT_NUM VARCHAR2(8),
 MEAL_TYPE VARCHAR2 (20),
 WIFI NUMBER(1),
 FLIGHT_CLASS VARCHAR2(15),
 CONSTRAINT "F_PKG_ID_PK" PRIMARY KEY ("F_PACKAGE_ID") ,
 CONSTRAINT "FLIGHT_FK" FOREIGN KEY ("FLIGHT_NUM")
 REFERENCES FLIGHTS("FLIGHT_NUM") ON DELETE CASCADE 
);


DROP TABLE BOOKING;
CREATE TABLE BOOKING
(BOOKING_ID NUMBER(5,0),
HOTEL_ID NUMBER(6,0),
ROOM_TYPE VARCHAR(18),
NUM_OF_ROOMS NUMBER(5),
COST_PER_ROOM NUMBER(6,2),
CONSTRAINT "BOOKING_ID_PK" PRIMARY KEY ("BOOKING_ID") 
);

DROP TABLE RESERVATION;
CREATE TABLE RESERVATION
(RESERVATION_ID NUMBER(5,0),
REST_ID NUMBER (5,0),
RES_START TIMESTAMP(0),
RES_END TIMESTAMP(0),
RES_NUM_OF_PEOPLE NUMBER(5),
CONSTRAINT "RESERVATION_ID_PK" PRIMARY KEY("RESERVATION_ID")
);

CREATE TABLE PACKAGE
(PACKAGE_ID NUMBER (5,0),
 F_PACKAGE_ID NUMBER(4,0),
 TRANSPORT_ID NUMBER(5,0),
 BOOKING_ID NUMBER (5,0),
 RESERVATION_ID NUMBER (5,0),
 NUM_OF_PEOPLE NUMBER (3,0),
 P_TOTAL_COST NUMBER (6,2),
 P_CUST_PAYMENTS NUMBER (6,2),

CONSTRAINT "PACKAGE_ID_PK" PRIMARY KEY ("PACKAGE_ID") ,
CONSTRAINT "F_PACKAGE_ID" FOREIGN KEY ("F_PACKAGE_ID")
 REFERENCES FLIGHT_PACKAGE(F_PACKAGE_ID)ON DELETE CASCADE,
 CONSTRAINT "FK_TRANSPORT_ID" FOREIGN KEY  ("TRANSPORT_ID") 
 REFERENCES TRANSPORTATION(TRANSPORT_ID)ON DELETE CASCADE ,
CONSTRAINT "FK_BOOKING_ID" FOREIGN KEY  ("BOOKING_ID") 
 REFERENCES BOOKING(BOOKING_ID)ON DELETE CASCADE ,
CONSTRAINT "FK_RES_ID" FOREIGN KEY  ("RESERVATION_ID") 
 REFERENCES RESERVATION(RESERVATION_ID)ON DELETE CASCADE 
);


CREATE TABLE CUSTOMER_TABLE
(CUSTOMER_ID NUMBER(5,0),
PACKAGE_ID NUMBER (5,0),
C_FIRST_NAME VARCHAR2(18),
C_LAST_NAME VARCHAR2(18),
C_STREET_ADD VARCHAR2(20),
C_STATE VARCHAR2(3),
    C_ZIP_CODE NUMBER(5),
    C_PHONE_NUM NUMBER(10),
    C_EMAIL VARCHAR2(40),
    CONSTRAINT "CUSTOMER_ID_PK" PRIMARY KEY("CUSTOMER_ID"),
    CONSTRAINT "CUST_FK" FOREIGN KEY ("PACKAGE_ID")
 REFERENCES PACKAGE("PACKAGE_ID")ON DELETE CASCADE 
);



CREATE TABLE ACTIVITY_BOOKING
	(PACKAGE_ID NUMBER (5,0),
   ACTIVITY_ID NUMBER (5,0),
  CONSTRAINT "ACT_BOOKING_PK" PRIMARY KEY (PACKAGE_ID,     ACTIVITY_ID),
   CONSTRAINT "ACT_B_PACK_ID_FK" FOREIGN KEY ("PACKAGE_ID")
  REFERENCES PACKAGE(PACKAGE_ID) ON DELETE CASCADE ,
 CONSTRAINT "ACT_B_ACT_ID_FK" FOREIGN KEY ("ACTIVITY_ID") 
  REFERENCES ACTIVITY(ACT_ID) ON DELETE CASCADE 
);

































    


-- —-------------------
-- Insert Commands
-- Table: Flights 
-- —---------------------

--Load the data records:

INSERT INTO FLIGHTS(FLIGHT_NUM, PLANE_TYPE, AIRLINE, FLIGHT_START, FLIGHT_END, F_ORIGIN, F_DESINATION)
VALUES('UA 345','Boeing 767','United','16-DEC-2023 7:30:00.00','16-DEC-2023 11:16:00.00','EWR','HNL');
INSERT INTO FLIGHTS(FLIGHT_NUM, PLANE_TYPE, AIRLINE, FLIGHT_START, FLIGHT_END, F_ORIGIN, F_DESINATION)
VALUES('AC 8899','Embraer 175','Air Canada','19-JAN-2024 10:45:00.00','19-JAN-2024 5:20:00.00','JFK','YYT');
INSERT INTO FLIGHTS(FLIGHT_NUM, PLANE_TYPE, AIRLINE, FLIGHT_START, FLIGHT_END, F_ORIGIN, F_DESINATION)
VALUES('AC 689','Airbus A321','Air Canada','28-JAN-2024 6:50:00.00','28-JAN-2024 3:11:00.00','YYT','JFK');
INSERT INTO FLIGHTS(FLIGHT_NUM, PLANE_TYPE, AIRLINE, FLIGHT_START, FLIGHT_END, F_ORIGIN, F_DESINATION)
VALUES('UA 1027','Boeing 737','United','19-JAN-2023 11:31:00.00','19-JAN-2023 1:10:00.00','EWR','ORD');
INSERT INTO FLIGHTS(FLIGHT_NUM, PLANE_TYPE, AIRLINE, FLIGHT_START, FLIGHT_END, F_ORIGIN, F_DESINATION)
VALUES('UA 1847','Boeing 737','United','23-JAN-2024 10:55:00.00','23-JAN-2024 2:10:00.00','ORD','EWR');
INSERT INTO FLIGHTS(FLIGHT_NUM, PLANE_TYPE, AIRLINE, FLIGHT_START, FLIGHT_END, F_ORIGIN, F_DESINATION)
VALUES('AS 802','Boeing 737MAX','Alaska','17-JAN-2024 9:20:00.00','18-JAN-2024 2:51:00.00','HNL','EWR');
INSERT INTO FLIGHTS(FLIGHT_NUM, PLANE_TYPE, AIRLINE, FLIGHT_START, FLIGHT_END, F_ORIGIN, F_DESINATION)
VALUES('TP 202','Airbus A321neo','Tap Air Portugal','17-JAN-2024 5:40:00.00','18-JAN-2024 9:30:00.00','EWR','MAD');

-- —-------------------
-- Insert Commands
-- Table: Hotel
-- —---------------------

--Load the data records:
INSERT INTO HOTEL(HOTEL_ID,HOTEL_NAME, HOTEL_TYPE, HOTEL_STREET, HOTEL_STATE_PROV, HOTEL_COUNTRY)
VALUES('101','Winsor House','Bed and Breakfast','1 Forest Rd','St.John’s NL A1C 2B8','Canada');
INSERT INTO HOTEL(HOTEL_ID,HOTEL_NAME, HOTEL_TYPE, HOTEL_STREET, HOTEL_STATE_PROV, HOTEL_COUNTRY)
VALUES('102','Alohilani','Resort','2490 Kalākaua Ave','Honolulu','Hawaii');
INSERT INTO HOTEL(HOTEL_ID,HOTEL_NAME, HOTEL_TYPE, HOTEL_STREET, HOTEL_STATE_PROV, HOTEL_COUNTRY)
VALUES('103','Hostal La Fontana','Hostel','C. de Valverde','Madrid','Spain');
INSERT INTO HOTEL(HOTEL_ID,HOTEL_NAME, HOTEL_TYPE, HOTEL_STREET, HOTEL_STATE_PROV, HOTEL_COUNTRY)
VALUES('104','Madrid Marriott Auditorium','Hotel','Ave. de Argon' ,'Madrid','Spain');
INSERT INTO HOTEL(HOTEL_ID,HOTEL_NAME, HOTEL_TYPE, HOTEL_STREET, HOTEL_STATE_PROV, HOTEL_COUNTRY)
VALUES('105','Devele Inn','Hotel','26 Monkstown Rd','St.John’s','Canada');
INSERT INTO HOTEL(HOTEL_ID,HOTEL_NAME, HOTEL_TYPE, HOTEL_STREET, HOTEL_STATE_PROV, HOTEL_COUNTRY)
VALUES('106','Sentral Michigan Avenue','Hotel','808 S Michigan Ave','IL','USA');
INSERT INTO HOTEL(HOTEL_ID,HOTEL_NAME, HOTEL_TYPE, HOTEL_STREET, HOTEL_STATE_PROV, HOTEL_COUNTRY)
VALUES('107','Chicago Oakdale Apt','Apartment','W oakdale Avenue','IL','USA');

-- —-------------------
-- Insert Commands
-- Table: Restaurant
-- —---------------------
--Load the data records:
INSERT INTO RESTAURANT(REST_ID, REST_NAME, REST_STREET, REST_STATE_PROV, REST_COUNTRY)
VALUES('31','Miss Ricky’s','203 N Wabash, Chicago','IL','USA');
INSERT INTO RESTAURANT(REST_ID, REST_NAME, REST_STREET, REST_STATE_PROV, REST_COUNTRY)
VALUES('32','Eddie V’s Prime Seafood','521 N Rush St, Chicago','IL','USA');
INSERT INTO RESTAURANT(REST_ID, REST_NAME, REST_STREET, REST_STATE_PROV, REST_COUNTRY)
VALUES('33','Piatto','377 Duckworth St.','St.John','Canada');
INSERT INTO RESTAURANT(REST_ID, REST_NAME, REST_STREET, REST_STATE_PROV, REST_COUNTRY)
VALUES('34','Lucky Belly','50 N Hotel St Smith St, Honolulu','Hawaii' ,'USA');
INSERT INTO RESTAURANT(REST_ID, REST_NAME, REST_STREET, REST_STATE_PROV, REST_COUNTRY)
VALUES('35','KoKo Head Cafe','1145 12th Ave Ste C, Honolulu','Hawaii','USA');
INSERT INTO RESTAURANT(REST_ID, REST_NAME, REST_STREET, REST_STATE_PROV, REST_COUNTRY)
VALUES('36','Los Montes De Galicia','Calle Azcona 46','Madrid','Spain');
INSERT INTO RESTAURANT(REST_ID, REST_NAME, REST_STREET, REST_STATE_PROV, REST_COUNTRY)
VALUES('37','Zenith Brunch & Cocktails','Calle del Desengano 24','Madrid','Spain');

-- —-------------------
-- Insert Commands
-- Table: Activity
-- —---------------------
--Load the data records:
INSERT INTO ACTIVITY(ACT_ID, ACT_NAME, ACT_TYPE, ACT_START, ACT_END, ACT_COST_PER_PERSON)
VALUES('1','Surfing','Active','17-DEC-2023 9:30:00.00','17-DEC-2023 1:00:00.00','115.00');
INSERT INTO ACTIVITY(ACT_ID, ACT_NAME, ACT_TYPE, ACT_START, ACT_END, ACT_COST_PER_PERSON)
VALUES('2','Spa Massage','Relaxing','17-DEC-2023 11:00:00.00','17-DEC-2023 12:00:00.00','85.00');
INSERT INTO ACTIVITY(ACT_ID, ACT_NAME, ACT_TYPE, ACT_START, ACT_END, ACT_COST_PER_PERSON)
VALUES('3','The Baths and White Bay','Relaxing/Sightseeing','21-JAN-2024 9:00:00.00','21-JAN-2024 4:00:00.00','345.00');
INSERT INTO ACTIVITY(ACT_ID, ACT_NAME, ACT_TYPE, ACT_START, ACT_END, ACT_COST_PER_PERSON)
VALUES('4','Skydeck Willis Tower','Sightseeing','21-JAN-2024 10:00:00.00','21-JAN-2024 6:00:00.00','44.00');
INSERT INTO ACTIVITY(ACT_ID, ACT_NAME, ACT_TYPE, ACT_START, ACT_END, ACT_COST_PER_PERSON)
VALUES('5','Food Tour','Sightseeing','22-JAN-2024 9:30:00.00','22-JAN-2024 9:00:00.00','185.00');
INSERT INTO ACTIVITY(ACT_ID, ACT_NAME, ACT_TYPE, ACT_START, ACT_END, ACT_COST_PER_PERSON)
VALUES('6','Hop on Hop off','Sightseeing','21-JAN-2024 9:00:00.00','21-JAN-2024 6:00:00.00','65.00');
INSERT INTO ACTIVITY(ACT_ID, ACT_NAME, ACT_TYPE, ACT_START, ACT_END, ACT_COST_PER_PERSON)
VALUES('7','Horseback Riding on the Beach','Relaxing','21-JAN-2024 4:30:00.00','21-JAN-2024 6:00:00.00','95.00');

-- —-------------------
-- Insert Commands
-- Table: Reservations
-- —---------------------

--Load the data records:
INSERT INTO RESERVATION(RESERVATION_ID, REST_ID,RES_START, RES_END, RES_NUM_OF_PEOPLE)
VALUES('1345','32','20-JAN-2024 6:30:00.00','20-JAN-2024 9:00:00.00','4');
INSERT INTO RESERVATION(RESERVATION_ID, REST_ID,RES_START, RES_END, RES_NUM_OF_PEOPLE)
VALUES('1346','32','20-JAN-2024 6:30:00.00','20-JAN-2024 9:00:00.00','2');
INSERT INTO RESERVATION(RESERVATION_ID, REST_ID,RES_START, RES_END, RES_NUM_OF_PEOPLE)
VALUES('1347','36','22-JAN-2024 4:30:00.00','22-JAN-2024 6:00:00.00','4');
INSERT INTO RESERVATION(RESERVATION_ID, REST_ID,RES_START, RES_END, RES_NUM_OF_PEOPLE)
VALUES('1348','34','23-JAN-2024 7:30:00.00','23-JAN-2024 9:00:00.00','3');
INSERT INTO RESERVATION(RESERVATION_ID, REST_ID,RES_START, RES_END, RES_NUM_OF_PEOPLE)
VALUES('1349','37','21-JAN-2024 10:45:00.00','21-JAN-2024 2:00:00.00','2');
INSERT INTO RESERVATION(RESERVATION_ID, REST_ID,RES_START, RES_END, RES_NUM_OF_PEOPLE)
VALUES('1350','35','22-JAN-2024 7:30:00.00','22-JAN-2024 10:00:00.00','8');
INSERT INTO RESERVATION(RESERVATION_ID, REST_ID,RES_START, RES_END, RES_NUM_OF_PEOPLE)
VALUES('1351','31','23-JAN-2024 4:00:00.00','23-JAN-2024 6:00:00.00','1');

-- —-------------------
-- Insert Commands
-- Table: Booking
-- —---------------------

--Load the data records:

INSERT INTO BOOKING(BOOKING_ID, HOTEL_ID, ROOM_TYPE, NUM_OF_ROOMS,COST_PER_ROOM)
VALUES(701, 101,'Suite', 2, 140.00);

INSERT INTO BOOKING(BOOKING_ID, HOTEL_ID, ROOM_TYPE, NUM_OF_ROOMS,COST_PER_ROOM)
VALUES(702, 102,'Single', 1, 100.00);

INSERT INTO BOOKING(BOOKING_ID, HOTEL_ID, ROOM_TYPE, NUM_OF_ROOMS,COST_PER_ROOM)
VALUES(703, 103,'Double', 3, 210.00);

INSERT INTO BOOKING(BOOKING_ID, HOTEL_ID, ROOM_TYPE, NUM_OF_ROOMS,COST_PER_ROOM)
VALUES(704, 104,'Suite', 2, 140.00);

INSERT INTO BOOKING(BOOKING_ID, HOTEL_ID, ROOM_TYPE, NUM_OF_ROOMS,COST_PER_ROOM)
VALUES(705, 105,'Double', 3, 210.00);

INSERT INTO BOOKING(BOOKING_ID, HOTEL_ID, ROOM_TYPE, NUM_OF_ROOMS,COST_PER_ROOM)
VALUES(706, 106,'Single', 1, 100.00);

INSERT INTO BOOKING(BOOKING_ID, HOTEL_ID, ROOM_TYPE, NUM_OF_ROOMS,COST_PER_ROOM)
VALUES(707, 107,'Suite', 2, 140.00);



-- —-------------------
-- Insert Commands
-- Table: Transportation
-- —---------------------

--Load the data records:

INSERT INTO TRANSPORTATION(TRANSPORT_ID, TRANS_TYPE, TRANS_START,TRANS_END)
VALUES(607,'Bus', TIMESTAMP '2023-12-16 09:00:00', TIMESTAMP '2023-12-16 11:00:00');

INSERT INTO TRANSPORTATION(TRANSPORT_ID, TRANS_TYPE, TRANS_START,TRANS_END)
VALUES(608,'Train', TIMESTAMP '2023-12-18 06:00:00', TIMESTAMP '2023-12-18 11:00:00');

INSERT INTO TRANSPORTATION(TRANSPORT_ID, TRANS_TYPE, TRANS_START,TRANS_END)
VALUES(609,'Flight', TIMESTAMP '2023-12-21 05:00:00', TIMESTAMP '2023-12-21 10:00:00');

INSERT INTO TRANSPORTATION(TRANSPORT_ID, TRANS_TYPE, TRANS_START,TRANS_END)
VALUES(610,'Flight', TIMESTAMP '2023-12-05 05:00:00', TIMESTAMP '2023-12-05 09:00:00');
INSERT INTO TRANSPORTATION(TRANSPORT_ID, TRANS_TYPE, TRANS_START,TRANS_END)
VALUES(611,'Car', TIMESTAMP '2023-12-01 03:00:00', TIMESTAMP '2023-12-01 11:00:00');

INSERT INTO TRANSPORTATION(TRANSPORT_ID, TRANS_TYPE, TRANS_START,TRANS_END)
VALUES(612,'Flight', TIMESTAMP '2023-12-19 08:00:00', TIMESTAMP '2023-12-19 11:00:00');

INSERT INTO TRANSPORTATION(TRANSPORT_ID, TRANS_TYPE, TRANS_START,TRANS_END)
VALUES(613,'Bus', TIMESTAMP '2023-12-14 05:00:00', TIMESTAMP '2023-12-14 11:00:00');

-- —-------------------
-- Insert Commands
-- Table: Flight Package
-- —---------------------

--Load the data records:

INSERT INTO FLIGHT_PACKAGE (F_PACKAGE_ID, FLIGHT_NUM, MEAL_TYPE,WIFI,FLIGHT_CLASS)
VALUES(301,'UA 345','Vegan', 1,'Economy');

INSERT INTO FLIGHT_PACKAGE (F_PACKAGE_ID, FLIGHT_NUM, MEAL_TYPE,WIFI,FLIGHT_CLASS)
VALUES(302,'AC 8899','Gluten free', 2,'Business');

INSERT INTO FLIGHT_PACKAGE (F_PACKAGE_ID, FLIGHT_NUM, MEAL_TYPE,WIFI,FLIGHT_CLASS)
VALUES(303,'AC 689','Non diary', 3,'First');

INSERT INTO FLIGHT_PACKAGE (F_PACKAGE_ID, FLIGHT_NUM, MEAL_TYPE,WIFI,FLIGHT_CLASS)
VALUES(304,'UA 1027','Regular', 4,'Economy');

INSERT INTO FLIGHT_PACKAGE (F_PACKAGE_ID, FLIGHT_NUM, MEAL_TYPE,WIFI,FLIGHT_CLASS)
VALUES(305,'UA 1847','Standard', 5,'First');

INSERT INTO FLIGHT_PACKAGE (F_PACKAGE_ID, FLIGHT_NUM, MEAL_TYPE,WIFI,FLIGHT_CLASS)
VALUES(306,'AS 802','Vegetarian', 6,'Economy');

INSERT INTO FLIGHT_PACKAGE (F_PACKAGE_ID, FLIGHT_NUM, MEAL_TYPE,WIFI,FLIGHT_CLASS)
VALUES(307,'TP 202','Regular', 7,'Business');



-- —-------------------
-- Insert Commands
-- Table: Package
-- —---------------------

--Load the data records:

-- —-------------------
INSERT INTO PACKAGE(PACKAGE_ID, F_PACKAGE_ID, TRANSPORT_ID, BOOKING_ID, RESERVATION_ID, NUM_OF_PEOPLE, P_TOTAL_COST, P_CUST_PAYMENTS)
VALUES(12345,303,607,701,1345,3,1345.42,745.42);
INSERT INTO PACKAGE(PACKAGE_ID, F_PACKAGE_ID, TRANSPORT_ID, BOOKING_ID, RESERVATION_ID, NUM_OF_PEOPLE, P_TOTAL_COST, P_CUST_PAYMENTS)
VALUES(12346,301,608,702,1346,2,856.43,856.43);
INSERT INTO PACKAGE(PACKAGE_ID, F_PACKAGE_ID, TRANSPORT_ID, BOOKING_ID, RESERVATION_ID, NUM_OF_PEOPLE, P_TOTAL_COST, P_CUST_PAYMENTS)
VALUES(12347,302,609,703,1347,7,3822.54,2822.54);
INSERT INTO PACKAGE(PACKAGE_ID, F_PACKAGE_ID, TRANSPORT_ID, BOOKING_ID, RESERVATION_ID, NUM_OF_PEOPLE, P_TOTAL_COST, P_CUST_PAYMENTS)
VALUES(12348,304,610,704,1348,1,452,452);
INSERT INTO PACKAGE(PACKAGE_ID, F_PACKAGE_ID, TRANSPORT_ID, BOOKING_ID, RESERVATION_ID, NUM_OF_PEOPLE, P_TOTAL_COST, P_CUST_PAYMENTS)
VALUES(12349,305,611,705,1349,2,839.73,234.00);
INSERT INTO PACKAGE(PACKAGE_ID, F_PACKAGE_ID, TRANSPORT_ID, BOOKING_ID, RESERVATION_ID, NUM_OF_PEOPLE, P_TOTAL_COST, P_CUST_PAYMENTS)
VALUES(12350,306,612,706,1350,3,742.97,742.97);
INSERT INTO PACKAGE(PACKAGE_ID, F_PACKAGE_ID, TRANSPORT_ID, BOOKING_ID, RESERVATION_ID, NUM_OF_PEOPLE, P_TOTAL_COST, P_CUST_PAYMENTS)
VALUES(12351,307,613,707,1351,5,2345.32,2345.32);

-- —-------------------
-- Insert Commands
-- Table: Customer
-- —---------------------

--Load the data records:
INSERT INTO CUSTOMER_TABLE(CUSTOMER_ID, PACKAGE_ID,C_FIRST_NAME, C_LAST_NAME, C_STREET_ADD, C_STATE, C_ZIP_CODE, C_PHONE_NUM, C_EMAIL)
VALUES('1101', 12345,'Faaria','Fatima','203 Elizabeth','NJ', '07633', '7324983737', 'faaria@mcc.org');
INSERT INTO CUSTOMER_TABLE(CUSTOMER_ID, PACKAGE_ID,C_FIRST_NAME, C_LAST_NAME, C_STREET_ADD, C_STATE, C_ZIP_CODE, C_PHONE_NUM, C_EMAIL)
VALUES('1102', 12345, 'Anna','Koganov','162 Morris Ave','NJ', '08342', '7322343447', 'anna@mcc.org');
INSERT INTO CUSTOMER_TABLE(CUSTOMER_ID, PACKAGE_ID,C_FIRST_NAME, C_LAST_NAME, C_STREET_ADD, C_STATE, C_ZIP_CODE, C_PHONE_NUM, C_EMAIL)
VALUES('1103', 12345, 'Gabryella','Orrego','735 Omori Str','NJ', '08367', '9084952373', 'gaby@mcc.org');
INSERT INTO CUSTOMER_TABLE(CUSTOMER_ID, PACKAGE_ID,C_FIRST_NAME, C_LAST_NAME, C_STREET_ADD, C_STATE, C_ZIP_CODE, C_PHONE_NUM, C_EMAIL)
VALUES('1104', 12346, 'Sung','Jinwoo','10 S Rank','NJ', '14324', '2075434234', 'jinwoo@rankers.net');
INSERT INTO CUSTOMER_TABLE(CUSTOMER_ID, PACKAGE_ID,C_FIRST_NAME, C_LAST_NAME, C_STREET_ADD, C_STATE, C_ZIP_CODE, C_PHONE_NUM, C_EMAIL)
VALUES('1105', 12346, 'Klara','Bohringer','18 Germany Ave','TX', '03423', '6547329885', 'kj@agent.val');
INSERT INTO CUSTOMER_TABLE (CUSTOMER_ID, PACKAGE_ID,C_FIRST_NAME, C_LAST_NAME, C_STREET_ADD, C_STATE, C_ZIP_CODE, C_PHONE_NUM, C_EMAIL)
VALUES('1106', 12349, 'Yohan','Omen','23 shrouded lane','LA', '83234', '2097654389', 'omen@agent.val');
INSERT INTO CUSTOMER_TABLE (CUSTOMER_ID, PACKAGE_ID,C_FIRST_NAME, C_LAST_NAME, C_STREET_ADD, C_STATE, C_ZIP_CODE, C_PHONE_NUM, C_EMAIL)
VALUES('1107', 12349, 'Lim','Jaebeom','345 Beautiful Sky Rd','NY', '07777', '3201162014', 'ahgase@got7.nest');

-- —-------------------
-- Insert Commands
-- Table: Activity Booking
-- —---------------------

--Load the data records:

-- —-------------------
INSERT INTO ACTIVITY_BOOKING(PACKAGE_ID, ACTIVITY_ID)
VALUES(12345, 1);

INSERT INTO ACTIVITY_BOOKING(PACKAGE_ID, ACTIVITY_ID)
VALUES(12346, 2);

INSERT INTO ACTIVITY_BOOKING(PACKAGE_ID, ACTIVITY_ID)
VALUES(12347, 3);

INSERT INTO ACTIVITY_BOOKING(PACKAGE_ID, ACTIVITY_ID)
VALUES(12348, 4);


INSERT INTO ACTIVITY_BOOKING(PACKAGE_ID, ACTIVITY_ID)
VALUES(12349, 5);


INSERT INTO ACTIVITY_BOOKING(PACKAGE_ID, ACTIVITY_ID)
VALUES(12350, 5);


INSERT INTO ACTIVITY_BOOKING(PACKAGE_ID, ACTIVITY_ID)
VALUES(12351, 7);

















-- --------------------------------------------------------------
-- SQL Commands
-- --------------------------------------------------------------

–- Update a Record from each table
UPDATE FLIGHT_PACKAGE
SET FLIGHT_CLASS= 'Business'
WHERE F_PACKAGE_ID='301' AND FLIGHT_NUM ='UA 345';

UPDATE ACTIVITY
SET ACT_COST_PER_PERSON=300
WHERE ACT_ID=3;

UPDATE ACTIVITY_BOOKING
SET ACTIVITY_ID=5
WHERE PACKAGE_ID=12348;

UPDATE BOOKING
SET COST_PER_ROOM=125
WHERE BOOKING_ID=706;

UPDATE CUSTOMER_TABLE
SET C_ZIP_CODE=08831
WHERE C_LAST_NAME='Koganov';

UPDATE FLIGHTS
SET F_DESINATION= 'JFK'
WHERE FLIGHT_NUM='UA 1847';

UPDATE HOTEL
SET HOTEL_STATE_PROV='NL'
WHERE HOTEL_STATE_PROV='St.John’s NL A1C 2B8';

UPDATE PACKAGE
SET NUM_OF_PEOPLE=6
WHERE PACKAGE_ID=12347;

UPDATE RESERVATION
SET REST_ID=36
WHERE RESERVATION_ID=1345;

UPDATE RESTAURANT
SET REST_STATE_PROV= 'Barcelona'
WHERE REST_ID=36;

UPDATE TRANSPORTATION
SET TRANS_TYPE='Train'
WHERE TRANSPORT_ID=611;


--Perform a calculation in at least one table and store the results of
--the calculation(s) as an alias.

SELECT BOOKING_ID, NUM_OF_ROOMS, COST_PER_ROOM, NUM_OF_ROOMS*COST_PER_ROOM AS TOTAL_COST
FROM BOOKING;

--Demonstration of a Join

SELECT PACKAGE_ID, TRANSPORTATION.TRANSPORT_ID, TRANS_TYPE
FROM PACKAGE JOIN TRANSPORTATION 
	ON PACKAGE.TRANSPORT_ID=TRANSPORTATION.TRANSPORT_ID;

--Two Level Select Statement

SELECT BOOKING_ID, HOTEL_NAME, COST_PER_ROOM
FROM HOTEL, BOOKING
WHERE HOTEL.HOTEL_ID=BOOKING.HOTEL_ID AND
COST_PER_ROOM<=(SELECT AVG(COST_PER_ROOM)
			FROM BOOKING
			WHERE HOTEL.HOTEL_ID=BOOKING.HOTEL_ID);


--One Multiple table query useful to your specific project.
--allows people to see all packages that contain a certain      
--activity

SELECT ACT_ID, ACT_NAME, PACKAGE_ID
FROM ACTIVITY, ACTIVITY_BOOKING
WHERE ACTIVITY.ACT_ID=ACTIVITY_BOOKING.ACTIVITY_ID AND
ACT_ID=5;


--
